GEThttp://sdz.tdct.org/1Mozilla/5.0 (Windows NT 10.0; rv:78.0) Gecko/20100101 Firefox/78.0GEThttp://sdz.tdct.org/sdz/medias/sdz_main.css1Mozilla/5.0 (Windows NT 10.0; rv:78.0) Gecko/20100101 Firefox/78.0GEThttp://sdz.tdct.org/favicon.ico1Mozilla/5.0 (Windows NT 10.0; rv:78.0) Gecko/20100101 Firefox/78.0index,method,url,protocol,userAgent,pragma,cacheControl,accept,acceptEncoding,acceptCharset,acceptLanguage,host,connection,contentLength,contentType,cookie,payload,label
index,method,url,protocol,userAgent,pragma,cacheControl,accept,acceptEncoding,acceptCharset,acceptLanguage,host,connection,contentLength,contentType,cookie,payload,label
index,method,url,protocol,userAgent,pragma,cacheControl,accept,acceptEncoding,acceptCharset,acceptLanguage,host,connection,contentLength,contentType,cookie,payload,label
index,method,url,protocol,userAgent,pragma,cacheControl,accept,acceptEncoding,acceptCharset,acceptLanguage,host,connection,contentLength,contentType,cookie,payload,label
index,method,url,protocol,userAgent,pragma,cacheControl,accept,acceptEncoding,acceptCharset,acceptLanguage,host,connection,contentLength,contentType,cookie,payload,label
index,method,url,protocol,userAgent,pragma,cacheControl,accept,acceptEncoding,acceptCharset,acceptLanguage,host,connection,contentLength,contentType,cookie,payload,label
index,method,url,protocol,userAgent,pragma,cacheControl,accept,acceptEncoding,acceptCharset,acceptLanguage,host,connection,contentLength,contentType,cookie,payload,label
index,method,url,protocol,userAgent,pragma,cacheControl,accept,acceptEncoding,acceptCharset,acceptLanguage,host,connection,contentLength,contentType,cookie,payload,label
index,method,url,protocol,userAgent,pragma,cacheControl,accept,acceptEncoding,acceptCharset,acceptLanguage,host,connection,contentLength,contentType,cookie,payload,label
index,method,url,protocol,userAgent,pragma,cacheControl,accept,acceptEncoding,acceptCharset,acceptLanguage,host,connection,contentLength,contentType,cookie,payload,label
index,method,url,protocol,userAgent,pragma,cacheControl,accept,acceptEncoding,acceptCharset,acceptLanguage,host,connection,contentLength,contentType,cookie,payload,label
index,method,url,protocol,userAgent,pragma,cacheControl,accept,acceptEncoding,acceptCharset,acceptLanguage,host,connection,contentLength,contentType,cookie,payload,label
index,method,url,protocol,userAgent,pragma,cacheControl,accept,acceptEncoding,acceptCharset,acceptLanguage,host,connection,contentLength,contentType,cookie,payload,label
index,method,url,protocol,userAgent,pragma,cacheControl,accept,acceptEncoding,acceptCharset,acceptLanguage,host,connection,contentLength,contentType,cookie,payload,label
index,method,url,protocol,userAgent,pragma,cacheControl,accept,acceptEncoding,acceptCharset,acceptLanguage,host,connection,contentLength,contentType,cookie,payload,label
index,method,url,protocol,userAgent,pragma,cacheControl,accept,acceptEncoding,acceptCharset,acceptLanguage,host,connection,contentLength,contentType,cookie,payload,label
index,method,url,protocol,userAgent,pragma,cacheControl,accept,acceptEncoding,acceptCharset,acceptLanguage,host,connection,contentLength,contentType,cookie,payload,label
index,method,url,protocol,userAgent,pragma,cacheControl,accept,acceptEncoding,acceptCharset,acceptLanguage,host,connection,contentLength,contentType,cookie,payload,label
index,method,url,protocol,userAgent,pragma,cacheControl,accept,acceptEncoding,acceptCharset,acceptLanguage,host,connection,contentLength,contentType,cookie,payload,label
index,method,url,protocol,userAgent,pragma,cacheControl,accept,acceptEncoding,acceptCharset,acceptLanguage,host,connection,contentLength,contentType,cookie,payload,label
index,method,url,protocol,userAgent,pragma,cacheControl,accept,acceptEncoding,acceptCharset,acceptLanguage,host,connection,contentLength,contentType,cookie,payload,label
index,method,url,protocol,userAgent,pragma,cacheControl,accept,acceptEncoding,acceptCharset,acceptLanguage,host,connection,contentLength,contentType,cookie,payload,label
index,method,url,protocol,userAgent,pragma,cacheControl,accept,acceptEncoding,acceptCharset,acceptLanguage,host,connection,contentLength,contentType,cookie,payload,label
index,method,url,protocol,userAgent,pragma,cacheControl,accept,acceptEncoding,acceptCharset,acceptLanguage,host,connection,contentLength,contentType,cookie,payload,label
index,method,url,protocol,userAgent,pragma,cacheControl,accept,acceptEncoding,acceptCharset,acceptLanguage,host,connection,contentLength,contentType,cookie,payload,label
index,method,url,protocol,userAgent,pragma,cacheControl,accept,acceptEncoding,acceptCharset,acceptLanguage,host,connection,contentLength,contentType,cookie,payload,label
index,method,url,protocol,userAgent,pragma,cacheControl,accept,acceptEncoding,acceptCharset,acceptLanguage,host,connection,contentLength,contentType,cookie,payload,label
index,method,url,protocol,userAgent,pragma,cacheControl,accept,acceptEncoding,acceptCharset,acceptLanguage,host,connection,contentLength,contentType,cookie,payload,label
index,method,url,protocol,userAgent,pragma,cacheControl,accept,acceptEncoding,acceptCharset,acceptLanguage,host,connection,contentLength,contentType,cookie,payload,label
index,method,url,protocol,userAgent,pragma,cacheControl,accept,acceptEncoding,acceptCharset,acceptLanguage,host,connection,contentLength,contentType,cookie,payload,label
index,method,url,protocol,userAgent,pragma,cacheControl,accept,acceptEncoding,acceptCharset,acceptLanguage,host,connection,contentLength,contentType,cookie,payload,label
index,method,url,protocol,userAgent,pragma,cacheControl,accept,acceptEncoding,acceptCharset,acceptLanguage,host,connection,contentLength,contentType,cookie,payload,label
index,method,url,protocol,userAgent,pragma,cacheControl,accept,acceptEncoding,acceptCharset,acceptLanguage,host,connection,contentLength,contentType,cookie,payload,label
index,method,url,protocol,userAgent,pragma,cacheControl,accept,acceptEncoding,acceptCharset,acceptLanguage,host,connection,contentLength,contentType,cookie,payload,label
index,method,url,protocol,userAgent,pragma,cacheControl,accept,acceptEncoding,acceptCharset,acceptLanguage,host,connection,contentLength,contentType,cookie,payload,label
index,method,url,protocol,userAgent,pragma,cacheControl,accept,acceptEncoding,acceptCharset,acceptLanguage,host,connection,contentLength,contentType,cookie,payload,label
index,method,url,protocol,userAgent,pragma,cacheControl,accept,acceptEncoding,acceptCharset,acceptLanguage,host,connection,contentLength,contentType,cookie,payload,label
index,method,url,protocol,userAgent,pragma,cacheControl,accept,acceptEncoding,acceptCharset,acceptLanguage,host,connection,contentLength,contentType,cookie,payload,label
index,method,url,protocol,userAgent,pragma,cacheControl,accept,acceptEncoding,acceptCharset,acceptLanguage,host,connection,contentLength,contentType,cookie,payload,label
index,method,url,protocol,userAgent,pragma,cacheControl,accept,acceptEncoding,acceptCharset,acceptLanguage,host,connection,contentLength,contentType,cookie,payload,label
index,method,url,protocol,userAgent,pragma,cacheControl,accept,acceptEncoding,acceptCharset,acceptLanguage,host,connection,contentLength,contentType,cookie,payload,label
index,method,url,protocol,userAgent,pragma,cacheControl,accept,acceptEncoding,acceptCharset,acceptLanguage,host,connection,contentLength,contentType,cookie,payload,label
index,method,url,protocol,userAgent,pragma,cacheControl,accept,acceptEncoding,acceptCharset,acceptLanguage,host,connection,contentLength,contentType,cookie,payload,label
index,method,url,protocol,userAgent,pragma,cacheControl,accept,acceptEncoding,acceptCharset,acceptLanguage,host,connection,contentLength,contentType,cookie,payload,label
index,method,url,protocol,userAgent,pragma,cacheControl,accept,acceptEncoding,acceptCharset,acceptLanguage,host,connection,contentLength,contentType,cookie,payload,label
index,method,url,protocol,userAgent,pragma,cacheControl,accept,acceptEncoding,acceptCharset,acceptLanguage,host,connection,contentLength,contentType,cookie,payload,label
index,method,url,protocol,userAgent,pragma,cacheControl,accept,acceptEncoding,acceptCharset,acceptLanguage,host,connection,contentLength,contentType,cookie,payload,label
index,method,url,protocol,userAgent,pragma,cacheControl,accept,acceptEncoding,acceptCharset,acceptLanguage,host,connection,contentLength,contentType,cookie,payload,label
index,method,url,protocol,userAgent,pragma,cacheControl,accept,acceptEncoding,acceptCharset,acceptLanguage,host,connection,contentLength,contentType,cookie,payload,label
index,method,url,protocol,userAgent,pragma,cacheControl,accept,acceptEncoding,acceptCharset,acceptLanguage,host,connection,contentLength,contentType,cookie,payload,label
index,method,url,protocol,userAgent,pragma,cacheControl,accept,acceptEncoding,acceptCharset,acceptLanguage,host,connection,contentLength,contentType,cookie,payload,label
index,method,url,protocol,userAgent,pragma,cacheControl,accept,acceptEncoding,acceptCharset,acceptLanguage,host,connection,contentLength,contentType,cookie,payload,label
index,method,url,protocol,userAgent,pragma,cacheControl,accept,acceptEncoding,acceptCharset,acceptLanguage,host,connection,contentLength,contentType,cookie,payload,label
